{
    "myList": [
        {
            "myVelo": {
                "x": 0.0,
                "y": -5.493598461151123,
                "z": 0.0
            },
            "myAngularVelo": {
                "x": 0.0,
                "y": 0.0,
                "z": 0.0
            },
            "mypos": {
                "x": -4.792486667633057,
                "y": 5.406856536865234,
                "z": -4.705038070678711
            },
            "myRotation": {
                "x": 0.0,
                "y": 0.0,
                "z": 0.0
            },
            "objId": 1,
            "myColour": {
                "x": 0.8907307982444763,
                "y": 0.7399851083755493,
                "z": 0.0
            }
        },
        {
            "myVelo": {
                "x": 0.0,
                "y": -5.493598461151123,
                "z": 0.0
            },
            "myAngularVelo": {
                "x": 0.0,
                "y": 0.0,
                "z": 0.0
            },
            "mypos": {
                "x": 15.951519012451172,
                "y": 5.406856536865234,
                "z": 1.4514141082763672
            },
            "myRotation": {
                "x": 0.0,
                "y": 0.0,
                "z": 0.0
            },
            "objId": 1,
            "myColour": {
                "x": 0.20932744443416596,
                "y": 0.5435689687728882,
                "z": 0.0
            }
        },
        {
            "myVelo": {
                "x": 0.0,
                "y": -5.493598461151123,
                "z": 0.0
            },
            "myAngularVelo": {
                "x": 0.0,
                "y": 0.0,
                "z": 0.0
            },
            "mypos": {
                "x": -4.89719820022583,
                "y": 5.406856536865234,
                "z": -13.86894416809082
            },
            "myRotation": {
                "x": 0.0,
                "y": 0.0,
                "z": 0.0
            },
            "objId": 2,
            "myColour": {
                "x": 0.20982107520103455,
                "y": 0.5206150412559509,
                "z": 0.0
            }
        },
        {
            "myVelo": {
                "x": 0.0,
                "y": -5.493598461151123,
                "z": 0.0
            },
            "myAngularVelo": {
                "x": 0.0,
                "y": 0.0,
                "z": 0.0
            },
            "mypos": {
                "x": 5.792624473571777,
                "y": 5.406856536865234,
                "z": 9.499383926391602
            },
            "myRotation": {
                "x": 0.0,
                "y": 0.0,
                "z": 0.0
            },
            "objId": 2,
            "myColour": {
                "x": 0.0,
                "y": 0.3131572902202606,
                "z": 0.70393967628479
            }
        },
        {
            "myVelo": {
                "x": 0.0,
                "y": -5.493598461151123,
                "z": 0.0
            },
            "myAngularVelo": {
                "x": 0.0,
                "y": 0.0,
                "z": 0.0
            },
            "mypos": {
                "x": 11.068910598754883,
                "y": 5.406856536865234,
                "z": -1.0414791107177735
            },
            "myRotation": {
                "x": 0.0,
                "y": 0.0,
                "z": 0.0
            },
            "objId": 2,
            "myColour": {
                "x": 0.5148226618766785,
                "y": 0.9392320513725281,
                "z": 0.0
            }
        },
        {
            "myVelo": {
                "x": 0.0,
                "y": -5.493598461151123,
                "z": 0.0
            },
            "myAngularVelo": {
                "x": 0.0,
                "y": 0.0,
                "z": 0.0
            },
            "mypos": {
                "x": 3.904676914215088,
                "y": 5.406856536865234,
                "z": 13.04391098022461
            },
            "myRotation": {
                "x": 0.0,
                "y": 0.0,
                "z": 0.0
            },
            "objId": 1,
            "myColour": {
                "x": 0.49726420640945437,
                "y": 0.0,
                "z": 0.8641067743301392
            }
        },
        {
            "myVelo": {
                "x": 0.0,
                "y": -5.493598461151123,
                "z": 0.0
            },
            "myAngularVelo": {
                "x": 0.0,
                "y": 0.0,
                "z": 0.0
            },
            "mypos": {
                "x": -4.526978969573975,
                "y": 5.406856536865234,
                "z": 2.4720053672790529
            },
            "myRotation": {
                "x": 0.0,
                "y": 0.0,
                "z": 0.0
            },
            "objId": 2,
            "myColour": {
                "x": 0.5493625998497009,
                "y": 0.5001765489578247,
                "z": 0.0
            }
        },
        {
            "myVelo": {
                "x": 0.0,
                "y": -5.493598461151123,
                "z": 0.0
            },
            "myAngularVelo": {
                "x": 0.0,
                "y": 0.0,
                "z": 0.0
            },
            "mypos": {
                "x": 9.454235076904297,
                "y": 5.406856536865234,
                "z": 1.672743320465088
            },
            "myRotation": {
                "x": 0.0,
                "y": 0.0,
                "z": 0.0
            },
            "objId": 0,
            "myColour": {
                "x": 0.0,
                "y": 0.575577437877655,
                "z": 0.42746686935424807
            }
        },
        {
            "myVelo": {
                "x": 0.0,
                "y": -5.493598461151123,
                "z": 0.0
            },
            "myAngularVelo": {
                "x": 0.0,
                "y": 0.0,
                "z": 0.0
            },
            "mypos": {
                "x": -6.073720455169678,
                "y": 5.406856536865234,
                "z": 14.717784881591797
            },
            "myRotation": {
                "x": 0.0,
                "y": 0.0,
                "z": 0.0
            },
            "objId": 0,
            "myColour": {
                "x": 0.9595019817352295,
                "y": 0.0,
                "z": 0.35511720180511477
            }
        },
        {
            "myVelo": {
                "x": 0.0,
                "y": -5.493598461151123,
                "z": 0.0
            },
            "myAngularVelo": {
                "x": 0.0,
                "y": 0.0,
                "z": 0.0
            },
            "mypos": {
                "x": 8.561400413513184,
                "y": 5.406856536865234,
                "z": -1.5220303535461426
            },
            "myRotation": {
                "x": 0.0,
                "y": 0.0,
                "z": 0.0
            },
            "objId": 0,
            "myColour": {
                "x": 0.0,
                "y": 0.8820195198059082,
                "z": 0.8231610655784607
            }
        },
        {
            "myVelo": {
                "x": 0.0,
                "y": -5.493598461151123,
                "z": 0.0
            },
            "myAngularVelo": {
                "x": 0.0,
                "y": 0.0,
                "z": 0.0
            },
            "mypos": {
                "x": 14.24435043334961,
                "y": 5.406856536865234,
                "z": 9.022506713867188
            },
            "myRotation": {
                "x": 0.0,
                "y": 0.0,
                "z": 0.0
            },
            "objId": 2,
            "myColour": {
                "x": 0.13733406364917756,
                "y": 0.0,